{
  "bloque1": {
    "acceso_por_gse": {
      "No": {
        "AB": 0.29,
        "C1": 1.31,
        "C2": 0.91,
        "C3": 2.58,
        "D": 4.56,
        "E": 7.09,
        "All": 3.18
      },
      "S\u00ed": {
        "AB": 99.71,
        "C1": 98.69,
        "C2": 99.09,
        "C3": 97.42,
        "D": 95.44,
        "E": 92.91,
        "All": 96.82
      }
    },
    "acceso_por_edad": {
      "No": {
        "18-29": 0.68,
        "30-44": 0.52,
        "45-59": 1.56,
        "60 y m\u00e1s": 8.7,
        "Menor de 18": 0.0,
        "All": 3.18
      },
      "S\u00ed": {
        "18-29": 99.32,
        "30-44": 99.48,
        "45-59": 98.44,
        "60 y m\u00e1s": 91.3,
        "Menor de 18": 100.0,
        "All": 96.82
      }
    },
    "acceso_por_zona": {
      "No": {
        "Rural": 4.19,
        "Urbana": 2.78,
        "All": 3.18
      },
      "S\u00ed": {
        "Rural": 95.81,
        "Urbana": 97.22,
        "All": 96.82
      }
    },
    "chi_square_gse": {
      "chi2": 87.43668989427593,
      "p_value": 2.320263256525e-17,
      "cramers_v": 0.13223969895177162
    },
    "habilidades_digitales": {
      "Q8_1": 50.74,
      "Q8_2": 42.73,
      "Q8_3": 41.93,
      "Q8_4": 44.07,
      "Q8_5": 43.86,
      "Q8_6": 42.18,
      "Q8_7": 28.92,
      "Q8_8": 16.56,
      "Q8_9": 11.73,
      "Q8_10": 42.12,
      "Q8_11": 34.59,
      "Q8_12": 81.76,
      "Q8_13": 49.43,
      "Q8_14": 52.33,
      "Q8_15": 81.67,
      "Q8_16": 64.86,
      "Q8_17": 64.61,
      "Q8_18": 30.24,
      "Q8_19": 3.76
    }
  },
  "bloque2": {
    "pca_explained_variance": [
      0.11021417757430803,
      0.0724720854381865,
      0.06813335706010502
    ],
    "pca_cumsum_variance": [
      0.11021417757430803,
      0.18268626301249452,
      0.25081962007259956
    ],
    "kmeans_inertias": [
      677860413963.8276,
      304421860672.08356,
      191720650104.0621,
      131115551975.53334
    ],
    "kmeans_silhouettes": [
      0.9332770971457146,
      0.5956307261981577,
      0.5659264064847425,
      0.5681554423638729
    ]
  },
  "bloque3": {
    "ic_acceso_internet": {
      "estimate": 96.82,
      "lower_bound": 96.33362956418794,
      "upper_bound": 97.30637043581204
    },
    "anova_smartphones_gse": {
      "f_statistic": NaN,
      "p_value": NaN,
      "significant": false
    }
  },
  "bloque4": {
    "random_forest": {
      "cv_scores": [
        1.0,
        1.0,
        1.0,
        1.0,
        1.0
      ],
      "mean_cv_score": 1.0,
      "std_cv_score": 0.0,
      "feature_importance": {
        "gse": 0.0,
        "tramo_edad": 0.0,
        "zona": 0.0,
        "educ": 0.0,
        "n_smartphones_hogar": 0.0,
        "n_computadores_hogar": 0.0
      }
    }
  },
  "timestamp": "2026-05-04T03:23:47.343776"
}